{"cameraMode":{"drawMode":0,"name":"Shaded","section":"Shading Mode"},"sceneLighting":false,"audioPlay":false,"sceneViewState":{"showFog":true,"showMaterialUpdate":true,"showSkybox":true,"showFlares":true,"showImageEffects":true,"showParticleSystems":true},"in2DMode":false,"pivot":{"x":6.3401875495910648,"y":3.922344207763672,"z":-1.740256667137146},"rotation":{"x":0.07103978097438812,"y":0.5529173612594605,"z":-0.047389984130859378,"w":0.8288486003875732},"size":10.907668113708496,"orthographic":false}