{"cameraMode":{"drawMode":0,"name":"Shaded","section":"Shading Mode"},"sceneLighting":true,"audioPlay":false,"sceneViewState":{"showFog":true,"showMaterialUpdate":false,"showSkybox":false,"showFlares":true,"showImageEffects":true,"showParticleSystems":true},"in2DMode":false,"pivot":{"x":0.0,"y":0.4444427490234375,"z":-0.01399993896484375},"rotation":{"x":0.0064542037434875969,"y":-0.9770109057426453,"z":0.21163024008274079,"w":0.030494272708892823},"size":109.11920166015625,"orthographic":false}