{"cameraMode":{"drawMode":0,"name":"Shaded","section":"Shading Mode"},"sceneLighting":false,"audioPlay":false,"sceneViewState":{"showFog":true,"showMaterialUpdate":false,"showSkybox":false,"showFlares":true,"showImageEffects":true,"showParticleSystems":true},"in2DMode":false,"pivot":{"x":0.062000274658203128,"y":0.06819963455200196,"z":20.004241943359376},"rotation":{"x":-0.02593427523970604,"y":-0.9743413925170898,"z":0.16152723133563996,"w":-0.15554630756378175},"size":28.780405044555665,"orthographic":false}