{"cameraMode":{"drawMode":0,"name":"Shaded","section":"Shading Mode"},"sceneLighting":false,"audioPlay":false,"sceneViewState":{"showFog":true,"showMaterialUpdate":false,"showSkybox":false,"showFlares":true,"showImageEffects":true,"showParticleSystems":true},"in2DMode":false,"pivot":{"x":363.34375,"y":116.0625,"z":-0.421999990940094},"rotation":{"x":0.0064542037434875969,"y":-0.9770109057426453,"z":0.21163024008274079,"w":0.030494272708892823},"size":420.09564208984377,"orthographic":false}