{"cameraMode":{"drawMode":0,"name":"Shaded","section":"Shading Mode"},"sceneLighting":false,"audioPlay":false,"sceneViewState":{"showFog":true,"showMaterialUpdate":false,"showSkybox":false,"showFlares":true,"showImageEffects":true,"showParticleSystems":true},"in2DMode":false,"pivot":{"x":186.84207153320313,"y":107.8396987915039,"z":-44.84562683105469},"rotation":{"x":-0.0024168610107153656,"y":0.992475688457489,"z":-0.12199588119983673,"w":-0.019560007378458978},"size":136.39617919921876,"orthographic":false}