{"cameraMode":{"drawMode":0,"name":"Shaded","section":"Shading Mode"},"sceneLighting":true,"audioPlay":false,"sceneViewState":{"showFog":true,"showMaterialUpdate":false,"showSkybox":true,"showFlares":true,"showImageEffects":true,"showParticleSystems":true},"in2DMode":false,"pivot":{"x":-4.534996032714844,"y":13.214803695678711,"z":-14.714998245239258},"rotation":{"x":0.0064542037434875969,"y":-0.9770109057426453,"z":0.21163024008274079,"w":0.030494272708892823},"size":117.32160949707031,"orthographic":false}