{"cameraMode":{"drawMode":0,"name":"Shaded","section":"Shading Mode"},"sceneLighting":false,"audioPlay":false,"sceneViewState":{"showFog":true,"showMaterialUpdate":false,"showSkybox":false,"showFlares":true,"showImageEffects":true,"showParticleSystems":true},"in2DMode":false,"pivot":{"x":0.4649254083633423,"y":2.042994976043701,"z":0.0},"rotation":{"x":0.02625267766416073,"y":0.957861065864563,"z":-0.09302785992622376,"w":0.2705746293067932},"size":0.5634536147117615,"orthographic":false}