{"cameraMode":{"drawMode":0,"name":"Shaded","section":"Shading Mode"},"sceneLighting":false,"audioPlay":false,"sceneViewState":{"showFog":true,"showMaterialUpdate":false,"showSkybox":false,"showFlares":true,"showImageEffects":true,"showParticleSystems":true},"in2DMode":false,"pivot":{"x":0.000011276690202066675,"y":-0.000013446858247334603,"z":0.000017658676370047033},"rotation":{"x":0.06361578404903412,"y":0.7915293574333191,"z":-0.0869184285402298,"w":0.6031290292739868},"size":0.000017320508050033823,"orthographic":false}