{"cameraMode":{"drawMode":0,"name":"Shaded","section":"Shading Mode"},"sceneLighting":false,"audioPlay":false,"sceneViewState":{"showFog":true,"showMaterialUpdate":false,"showSkybox":false,"showFlares":true,"showImageEffects":true,"showParticleSystems":true},"in2DMode":false,"pivot":{"x":61.354766845703128,"y":-10.215744018554688,"z":8.037399291992188},"rotation":{"x":0.031238099560141565,"y":0.9235634803771973,"z":-0.37458276748657229,"w":0.07712159305810929},"size":109.11920166015625,"orthographic":false}