{"cameraMode":{"drawMode":0,"name":"Shaded","section":"Shading Mode"},"sceneLighting":false,"audioPlay":false,"sceneViewState":{"showFog":true,"showMaterialUpdate":false,"showSkybox":false,"showFlares":true,"showImageEffects":true,"showParticleSystems":true},"in2DMode":false,"pivot":{"x":0.062000274658203128,"y":0.06819963455200196,"z":20.147396087646486},"rotation":{"x":0.23313724994659425,"y":-0.6861897706985474,"z":0.24497617781162263,"w":0.6447927355766296},"size":28.680419921875,"orthographic":false}