{"cameraMode":{"drawMode":0,"name":"Shaded","section":"Shading Mode"},"sceneLighting":false,"audioPlay":false,"sceneViewState":{"showFog":true,"showMaterialUpdate":false,"showSkybox":false,"showFlares":true,"showImageEffects":true,"showParticleSystems":true},"in2DMode":false,"pivot":{"x":3.725290298461914e-9,"y":0.12586909532546998,"z":1.1175870895385743e-8},"rotation":{"x":-0.004028683993965387,"y":-0.8792168498039246,"z":0.47726982831954958,"w":-0.011430562473833561},"size":0.13748475909233094,"orthographic":false}