{"cameraMode":{"drawMode":0,"name":"Shaded","section":"Shading Mode"},"sceneLighting":false,"audioPlay":false,"sceneViewState":{"showFog":true,"showMaterialUpdate":false,"showSkybox":false,"showFlares":true,"showImageEffects":true,"showParticleSystems":true},"in2DMode":false,"pivot":{"x":44.39039611816406,"y":5.13263463973999,"z":39.942352294921878},"rotation":{"x":-0.0012695027980953456,"y":0.9813249707221985,"z":-0.006683993153274059,"w":0.19674772024154664},"size":58.163639068603519,"orthographic":false}