{"cameraMode":{"drawMode":0,"name":"Shaded","section":"Shading Mode"},"sceneLighting":false,"audioPlay":false,"sceneViewState":{"showFog":true,"showMaterialUpdate":false,"showSkybox":false,"showFlares":true,"showImageEffects":true,"showParticleSystems":true},"in2DMode":false,"pivot":{"x":289.2688293457031,"y":33.5772590637207,"z":89.44104766845703},"rotation":{"x":0.00014059922250453383,"y":0.9936071038246155,"z":-0.02296055480837822,"w":0.11820682883262634},"size":66.37437438964844,"orthographic":false}