{"cameraMode":{"drawMode":0,"name":"Shaded","section":"Shading Mode"},"sceneLighting":false,"audioPlay":false,"sceneViewState":{"showFog":true,"showMaterialUpdate":false,"showSkybox":false,"showFlares":true,"showImageEffects":true,"showParticleSystems":true},"in2DMode":false,"pivot":{"x":0.005000114440917969,"y":0.02499997615814209,"z":0.039999961853027347},"rotation":{"x":0.014067552983760834,"y":0.979985237121582,"z":0.07742562144994736,"w":-0.1876976042985916},"size":4.918521881103516,"orthographic":false}